street,city,zip_code
36 S State St,Chicago,60603
222 Merchandise Mart Plz,Chicago,60654
301 W Washington St,Chicago,60606
209 S Lasalle St,Chicago,60604
840 N Michigan Ave,Chicago,60611
500 W Madison St,Chicago,60661
1004 S Canal St,Chicago,60607
1300 W. Madison St,Chicago,60607
810 W North Ave,Chicago,60622
1237 N Milwaukee Ave,Chicago,60622
1652 N Milwaukee Av,Chicago,60647
747 W 31St St,Chicago,60616
3019 N Clark St,Chicago,60657
2707 N Elston Ave,Chicago,60647
3701 N. Halsted Street,Chicago,60613
1654 W. Roscoe Street,Chicago,60657
3621 N Western Ave,Chicago,60618
1531 E 53Rd St,Chicago,60615
4752 N. Lincoln Ave.,Chicago,60625
5314 N Clark St,Chicago,60640
4183 W Irving Park Road,Chicago,60641
4000 N Cicero Ave,Chicago,60641
6355 N Broadway St,Chicago,60660
6451 W Diversey Ave,Chicago,60707
7261 Lake St,River Forest,60305
36 S State St,Chicago,60603
209 S Lasalle St,Chicago,60604
301 W Washington St,Chicago,60606
222 Merchandise Mart Plz,Chicago,60654
500 W Madison St,Chicago,60661
840 N Michigan Ave,Chicago,60611
1004 S Canal St,Chicago,60607
1300 W. Madison St,Chicago,60607
810 W North Ave,Chicago,60622
1237 N Milwaukee Ave,Chicago,60622
747 W 31St St,Chicago,60616
1652 N Milwaukee Av,Chicago,60647
3019 N Clark St,Chicago,60657
2707 N Elston Ave,Chicago,60647
3701 N. Halsted Street,Chicago,60613
1654 W. Roscoe Street,Chicago,60657
3621 N Western Ave,Chicago,60618
1531 E 53Rd St,Chicago,60615
4752 N. Lincoln Ave.,Chicago,60625
5314 N Clark St,Chicago,60640
4183 W Irving Park Road,Chicago,60641
4000 N Cicero Ave,Chicago,60641
6355 N Broadway St,Chicago,60660
6451 W Diversey Ave,Chicago,60707
7261 Lake St,River Forest,60305
36 S State St,Chicago,60603
209 S Lasalle St,Chicago,60604
301 W Washington St,Chicago,60606
500 W Madison St,Chicago,60661
222 Merchandise Mart Plz,Chicago,60654
1004 S Canal St,Chicago,60607
840 N Michigan Ave,Chicago,60611
1300 W. Madison St,Chicago,60607
810 W North Ave,Chicago,60622
1237 N Milwaukee Ave,Chicago,60622
747 W 31St St,Chicago,60616
1652 N Milwaukee Av,Chicago,60647
3019 N Clark St,Chicago,60657
2707 N Elston Ave,Chicago,60647
1654 W. Roscoe Street,Chicago,60657
3701 N. Halsted Street,Chicago,60613
3621 N Western Ave,Chicago,60618
1531 E 53Rd St,Chicago,60615
4752 N. Lincoln Ave.,Chicago,60625
5314 N Clark St,Chicago,60640
4183 W Irving Park Road,Chicago,60641
4000 N Cicero Ave,Chicago,60641
6355 N Broadway St,Chicago,60660
6451 W Diversey Ave,Chicago,60707
7261 Lake St,River Forest,60305
209 S Lasalle St,Chicago,60604
36 S State St,Chicago,60603
301 W Washington St,Chicago,60606
500 W Madison St,Chicago,60661
1004 S Canal St,Chicago,60607
222 Merchandise Mart Plz,Chicago,60654
840 N Michigan Ave,Chicago,60611
1300 W. Madison St,Chicago,60607
810 W North Ave,Chicago,60622
1237 N Milwaukee Ave,Chicago,60622
747 W 31St St,Chicago,60616
1652 N Milwaukee Av,Chicago,60647
3019 N Clark St,Chicago,60657
2707 N Elston Ave,Chicago,60647
1654 W. Roscoe Street,Chicago,60657
3701 N. Halsted Street,Chicago,60613
3621 N Western Ave,Chicago,60618
1531 E 53Rd St,Chicago,60615
4752 N. Lincoln Ave.,Chicago,60625
5314 N Clark St,Chicago,60640
4183 W Irving Park Road,Chicago,60641
4000 N Cicero Ave,Chicago,60641
6355 N Broadway St,Chicago,60660
6451 W Diversey Ave,Chicago,60707
7261 Lake St,River Forest,60305
1004 S Canal St,Chicago,60607
209 S Lasalle St,Chicago,60604
36 S State St,Chicago,60603
301 W Washington St,Chicago,60606
500 W Madison St,Chicago,60661
747 W 31St St,Chicago,60616
222 Merchandise Mart Plz,Chicago,60654
1300 W. Madison St,Chicago,60607
840 N Michigan Ave,Chicago,60611
810 W North Ave,Chicago,60622
1237 N Milwaukee Ave,Chicago,60622
1531 E 53Rd St,Chicago,60615
1652 N Milwaukee Av,Chicago,60647
3019 N Clark St,Chicago,60657
2707 N Elston Ave,Chicago,60647
1654 W. Roscoe Street,Chicago,60657
3701 N. Halsted Street,Chicago,60613
3621 N Western Ave,Chicago,60618
4752 N. Lincoln Ave.,Chicago,60625
120 W 87Th St,Chicago,60620
5314 N Clark St,Chicago,60640
4183 W Irving Park Road,Chicago,60641
4000 N Cicero Ave,Chicago,60641
7160 Cermak Rd,Berwyn,60402
6355 N Broadway St,Chicago,60660
301 W Washington St,Chicago,60606
500 W Madison St,Chicago,60661
209 S Lasalle St,Chicago,60604
222 Merchandise Mart Plz,Chicago,60654
36 S State St,Chicago,60603
1004 S Canal St,Chicago,60607
1300 W. Madison St,Chicago,60607
840 N Michigan Ave,Chicago,60611
810 W North Ave,Chicago,60622
1237 N Milwaukee Ave,Chicago,60622
1652 N Milwaukee Av,Chicago,60647
747 W 31St St,Chicago,60616
3019 N Clark St,Chicago,60657
2707 N Elston Ave,Chicago,60647
1654 W. Roscoe Street,Chicago,60657
3701 N. Halsted Street,Chicago,60613
3621 N Western Ave,Chicago,60618
1531 E 53Rd St,Chicago,60615
4752 N. Lincoln Ave.,Chicago,60625
5314 N Clark St,Chicago,60640
4183 W Irving Park Road,Chicago,60641
4000 N Cicero Ave,Chicago,60641
6355 N Broadway St,Chicago,60660
6451 W Diversey Ave,Chicago,60707
7261 Lake St,River Forest,60305
1300 W. Madison St,Chicago,60607
500 W Madison St,Chicago,60661
1004 S Canal St,Chicago,60607
301 W Washington St,Chicago,60606
209 S Lasalle St,Chicago,60604
222 Merchandise Mart Plz,Chicago,60654
36 S State St,Chicago,60603
840 N Michigan Ave,Chicago,60611
1237 N Milwaukee Ave,Chicago,60622
810 W North Ave,Chicago,60622
747 W 31St St,Chicago,60616
1652 N Milwaukee Av,Chicago,60647
2707 N Elston Ave,Chicago,60647
3019 N Clark St,Chicago,60657
1654 W. Roscoe Street,Chicago,60657
3701 N. Halsted Street,Chicago,60613
3621 N Western Ave,Chicago,60618
1531 E 53Rd St,Chicago,60615
4752 N. Lincoln Ave.,Chicago,60625
4183 W Irving Park Road,Chicago,60641
5314 N Clark St,Chicago,60640
4000 N Cicero Ave,Chicago,60641
6451 W Diversey Ave,Chicago,60707
7160 Cermak Rd,Berwyn,60402
7261 Lake St,River Forest,60305
747 W 31St St,Chicago,60616
1004 S Canal St,Chicago,60607
1300 W. Madison St,Chicago,60607
500 W Madison St,Chicago,60661
209 S Lasalle St,Chicago,60604
301 W Washington St,Chicago,60606
36 S State St,Chicago,60603
222 Merchandise Mart Plz,Chicago,60654
1237 N Milwaukee Ave,Chicago,60622
840 N Michigan Ave,Chicago,60611
1652 N Milwaukee Av,Chicago,60647
810 W North Ave,Chicago,60622
1531 E 53Rd St,Chicago,60615
2707 N Elston Ave,Chicago,60647
3019 N Clark St,Chicago,60657
1654 W. Roscoe Street,Chicago,60657
3621 N Western Ave,Chicago,60618
7160 Cermak Rd,Berwyn,60402
3701 N. Halsted Street,Chicago,60613
7261 Lake St,River Forest,60305
4183 W Irving Park Road,Chicago,60641
7854 S Cicero Ave,Burbank,60459
4752 N. Lincoln Ave.,Chicago,60625
4000 N Cicero Ave,Chicago,60641
120 W 87Th St,Chicago,60620
747 W 31St St,Chicago,60616
1531 E 53Rd St,Chicago,60615
1004 S Canal St,Chicago,60607
209 S Lasalle St,Chicago,60604
1300 W. Madison St,Chicago,60607
500 W Madison St,Chicago,60661
36 S State St,Chicago,60603
301 W Washington St,Chicago,60606
222 Merchandise Mart Plz,Chicago,60654
120 W 87Th St,Chicago,60620
840 N Michigan Ave,Chicago,60611
1237 N Milwaukee Ave,Chicago,60622
7854 S Cicero Ave,Burbank,60459
810 W North Ave,Chicago,60622
2601A W 95Th St,Evergreen Park,60805
9560 S Western Ave,Evergreen Park,60805
1652 N Milwaukee Av,Chicago,60647
9621 S Cicero,Oak Lawn,60453
7160 Cermak Rd,Berwyn,60402
2707 N Elston Ave,Chicago,60647
3019 N Clark St,Chicago,60657
1654 W. Roscoe Street,Chicago,60657
3701 N. Halsted Street,Chicago,60613
3621 N Western Ave,Chicago,60618
7261 Lake St,River Forest,60305
840 N Michigan Ave,Chicago,60611
222 Merchandise Mart Plz,Chicago,60654
810 W North Ave,Chicago,60622
301 W Washington St,Chicago,60606
500 W Madison St,Chicago,60661
36 S State St,Chicago,60603
209 S Lasalle St,Chicago,60604
1237 N Milwaukee Ave,Chicago,60622
1300 W. Madison St,Chicago,60607
1004 S Canal St,Chicago,60607
1652 N Milwaukee Av,Chicago,60647
3019 N Clark St,Chicago,60657
2707 N Elston Ave,Chicago,60647
1654 W. Roscoe Street,Chicago,60657
3701 N. Halsted Street,Chicago,60613
747 W 31St St,Chicago,60616
3621 N Western Ave,Chicago,60618
4752 N. Lincoln Ave.,Chicago,60625
5314 N Clark St,Chicago,60640
4183 W Irving Park Road,Chicago,60641
4000 N Cicero Ave,Chicago,60641
6355 N Broadway St,Chicago,60660
1531 E 53Rd St,Chicago,60615
6451 W Diversey Ave,Chicago,60707
5212 N Milwaukee Ave,Chicago,60630
840 N Michigan Ave,Chicago,60611
222 Merchandise Mart Plz,Chicago,60654
810 W North Ave,Chicago,60622
301 W Washington St,Chicago,60606
36 S State St,Chicago,60603
500 W Madison St,Chicago,60661
209 S Lasalle St,Chicago,60604
1237 N Milwaukee Ave,Chicago,60622
1300 W. Madison St,Chicago,60607
3019 N Clark St,Chicago,60657
1004 S Canal St,Chicago,60607
1652 N Milwaukee Av,Chicago,60647
3701 N. Halsted Street,Chicago,60613
1654 W. Roscoe Street,Chicago,60657
2707 N Elston Ave,Chicago,60647
3621 N Western Ave,Chicago,60618
747 W 31St St,Chicago,60616
4752 N. Lincoln Ave.,Chicago,60625
5314 N Clark St,Chicago,60640
4183 W Irving Park Road,Chicago,60641
6355 N Broadway St,Chicago,60660
4000 N Cicero Ave,Chicago,60641
1531 E 53Rd St,Chicago,60615
6451 W Diversey Ave,Chicago,60707
3325 W Touhy Ave,Lincolnwood,60712
1300 W. Madison St,Chicago,60607
1237 N Milwaukee Ave,Chicago,60622
1652 N Milwaukee Av,Chicago,60647
500 W Madison St,Chicago,60661
1004 S Canal St,Chicago,60607
301 W Washington St,Chicago,60606
222 Merchandise Mart Plz,Chicago,60654
209 S Lasalle St,Chicago,60604
810 W North Ave,Chicago,60622
36 S State St,Chicago,60603
2707 N Elston Ave,Chicago,60647
840 N Michigan Ave,Chicago,60611
747 W 31St St,Chicago,60616
3019 N Clark St,Chicago,60657
1654 W. Roscoe Street,Chicago,60657
3621 N Western Ave,Chicago,60618
3701 N. Halsted Street,Chicago,60613
4183 W Irving Park Road,Chicago,60641
4000 N Cicero Ave,Chicago,60641
4752 N. Lincoln Ave.,Chicago,60625
7261 Lake St,River Forest,60305
6451 W Diversey Ave,Chicago,60707
7160 Cermak Rd,Berwyn,60402
5314 N Clark St,Chicago,60640
1531 E 53Rd St,Chicago,60615
3701 N. Halsted Street,Chicago,60613
1654 W. Roscoe Street,Chicago,60657
3621 N Western Ave,Chicago,60618
3019 N Clark St,Chicago,60657
4752 N. Lincoln Ave.,Chicago,60625
5314 N Clark St,Chicago,60640
2707 N Elston Ave,Chicago,60647
810 W North Ave,Chicago,60622
1652 N Milwaukee Av,Chicago,60647
6355 N Broadway St,Chicago,60660
1237 N Milwaukee Ave,Chicago,60622
4183 W Irving Park Road,Chicago,60641
840 N Michigan Ave,Chicago,60611
4000 N Cicero Ave,Chicago,60641
222 Merchandise Mart Plz,Chicago,60654
3325 W Touhy Ave,Lincolnwood,60712
1300 W. Madison St,Chicago,60607
301 W Washington St,Chicago,60606
500 W Madison St,Chicago,60661
36 S State St,Chicago,60603
209 S Lasalle St,Chicago,60604
5212 N Milwaukee Ave,Chicago,60630
1004 S Canal St,Chicago,60607
6451 W Diversey Ave,Chicago,60707
1706 Maple Ave,Evanston,60201
810 W North Ave,Chicago,60622
3019 N Clark St,Chicago,60657
1237 N Milwaukee Ave,Chicago,60622
1652 N Milwaukee Av,Chicago,60647
1654 W. Roscoe Street,Chicago,60657
2707 N Elston Ave,Chicago,60647
3701 N. Halsted Street,Chicago,60613
840 N Michigan Ave,Chicago,60611
3621 N Western Ave,Chicago,60618
222 Merchandise Mart Plz,Chicago,60654
1300 W. Madison St,Chicago,60607
301 W Washington St,Chicago,60606
500 W Madison St,Chicago,60661
36 S State St,Chicago,60603
209 S Lasalle St,Chicago,60604
4752 N. Lincoln Ave.,Chicago,60625
1004 S Canal St,Chicago,60607
5314 N Clark St,Chicago,60640
4183 W Irving Park Road,Chicago,60641
6355 N Broadway St,Chicago,60660
4000 N Cicero Ave,Chicago,60641
747 W 31St St,Chicago,60616
5212 N Milwaukee Ave,Chicago,60630
3325 W Touhy Ave,Lincolnwood,60712
6451 W Diversey Ave,Chicago,60707
1531 E 53Rd St,Chicago,60615
747 W 31St St,Chicago,60616
120 W 87Th St,Chicago,60620
1004 S Canal St,Chicago,60607
209 S Lasalle St,Chicago,60604
36 S State St,Chicago,60603
500 W Madison St,Chicago,60661
301 W Washington St,Chicago,60606
222 Merchandise Mart Plz,Chicago,60654
1300 W. Madison St,Chicago,60607
840 N Michigan Ave,Chicago,60611
9560 S Western Ave,Evergreen Park,60805
2601A W 95Th St,Evergreen Park,60805
1237 N Milwaukee Ave,Chicago,60622
810 W North Ave,Chicago,60622
7854 S Cicero Ave,Burbank,60459
1652 N Milwaukee Av,Chicago,60647
9621 S Cicero,Oak Lawn,60453
3019 N Clark St,Chicago,60657
2707 N Elston Ave,Chicago,60647
1654 W. Roscoe Street,Chicago,60657
3701 N. Halsted Street,Chicago,60613
7160 Cermak Rd,Berwyn,60402
290 Chicago Ridge Mall Space C18,Chicago Ridge,60415
3621 N Western Ave,Chicago,60618
747 W 31St St,Chicago,60616
1004 S Canal St,Chicago,60607
209 S Lasalle St,Chicago,60604
36 S State St,Chicago,60603
500 W Madison St,Chicago,60661
301 W Washington St,Chicago,60606
1300 W. Madison St,Chicago,60607
222 Merchandise Mart Plz,Chicago,60654
840 N Michigan Ave,Chicago,60611
1531 E 53Rd St,Chicago,60615
1237 N Milwaukee Ave,Chicago,60622
810 W North Ave,Chicago,60622
1652 N Milwaukee Av,Chicago,60647
3019 N Clark St,Chicago,60657
2707 N Elston Ave,Chicago,60647
1654 W. Roscoe Street,Chicago,60657
3701 N. Halsted Street,Chicago,60613
3621 N Western Ave,Chicago,60618
120 W 87Th St,Chicago,60620
4752 N. Lincoln Ave.,Chicago,60625
7854 S Cicero Ave,Burbank,60459
7160 Cermak Rd,Berwyn,60402
4183 W Irving Park Road,Chicago,60641
2601A W 95Th St,Evergreen Park,60805
5314 N Clark St,Chicago,60640
120 W 87Th St,Chicago,60620
1531 E 53Rd St,Chicago,60615
9560 S Western Ave,Evergreen Park,60805
2601A W 95Th St,Evergreen Park,60805
1245 Torrence Ave,Calumet City,60409
747 W 31St St,Chicago,60616
9621 S Cicero,Oak Lawn,60453
7854 S Cicero Ave,Burbank,60459
13348 Cicero Ave,Crestwood,60418
17575 Halsted Ave,Homewood,60430
1004 S Canal St,Chicago,60607
822 Ridge Rd.,Munster,46321
209 S Lasalle St,Chicago,60604
36 S State St,Chicago,60603
290 Chicago Ridge Mall Space C18,Chicago Ridge,60415
301 W Washington St,Chicago,60606
500 W Madison St,Chicago,60661
222 Merchandise Mart Plz,Chicago,60654
1300 W. Madison St,Chicago,60607
840 N Michigan Ave,Chicago,60611
2510 Burr St,Gary,46406
1237 N Milwaukee Ave,Chicago,60622
810 W North Ave,Chicago,60622
69 Us Highway 41,Schererville,46375
1652 N Milwaukee Av,Chicago,60647
3621 N Western Ave,Chicago,60618
2707 N Elston Ave,Chicago,60647
4183 W Irving Park Road,Chicago,60641
4752 N. Lincoln Ave.,Chicago,60625
1654 W. Roscoe Street,Chicago,60657
4000 N Cicero Ave,Chicago,60641
1652 N Milwaukee Av,Chicago,60647
3701 N. Halsted Street,Chicago,60613
5314 N Clark St,Chicago,60640
3019 N Clark St,Chicago,60657
1237 N Milwaukee Ave,Chicago,60622
810 W North Ave,Chicago,60622
5212 N Milwaukee Ave,Chicago,60630
6355 N Broadway St,Chicago,60660
6451 W Diversey Ave,Chicago,60707
3325 W Touhy Ave,Lincolnwood,60712
1300 W. Madison St,Chicago,60607
840 N Michigan Ave,Chicago,60611
4265 N Harlem Ave,Norridge,60706
222 Merchandise Mart Plz,Chicago,60654
500 W Madison St,Chicago,60661
301 W Washington St,Chicago,60606
5700 W Touhy Ave,Niles,60714
209 S Lasalle St,Chicago,60604
36 S State St,Chicago,60603
120 W 87Th St,Chicago,60620
1531 E 53Rd St,Chicago,60615
9560 S Western Ave,Evergreen Park,60805
2601A W 95Th St,Evergreen Park,60805
747 W 31St St,Chicago,60616
7854 S Cicero Ave,Burbank,60459
9621 S Cicero,Oak Lawn,60453
1004 S Canal St,Chicago,60607
209 S Lasalle St,Chicago,60604
290 Chicago Ridge Mall Space C18,Chicago Ridge,60415
36 S State St,Chicago,60603
13348 Cicero Ave,Crestwood,60418
500 W Madison St,Chicago,60661
301 W Washington St,Chicago,60606
1300 W. Madison St,Chicago,60607
222 Merchandise Mart Plz,Chicago,60654
1245 Torrence Ave,Calumet City,60409
840 N Michigan Ave,Chicago,60611
1237 N Milwaukee Ave,Chicago,60622
810 W North Ave,Chicago,60622
1652 N Milwaukee Av,Chicago,60647
17575 Halsted Ave,Homewood,60430
7160 Cermak Rd,Berwyn,60402
3019 N Clark St,Chicago,60657
2707 N Elston Ave,Chicago,60647
120 W 87Th St,Chicago,60620
9560 S Western Ave,Evergreen Park,60805
2601A W 95Th St,Evergreen Park,60805
7854 S Cicero Ave,Burbank,60459
9621 S Cicero,Oak Lawn,60453
1531 E 53Rd St,Chicago,60615
747 W 31St St,Chicago,60616
290 Chicago Ridge Mall Space C18,Chicago Ridge,60415
13348 Cicero Ave,Crestwood,60418
1004 S Canal St,Chicago,60607
209 S Lasalle St,Chicago,60604
1300 W. Madison St,Chicago,60607
36 S State St,Chicago,60603
500 W Madison St,Chicago,60661
301 W Washington St,Chicago,60606
222 Merchandise Mart Plz,Chicago,60654
1245 Torrence Ave,Calumet City,60409
7160 Cermak Rd,Berwyn,60402
840 N Michigan Ave,Chicago,60611
9402 Joliet Rd,Hodgkins,60525
1237 N Milwaukee Ave,Chicago,60622
810 W North Ave,Chicago,60622
17575 Halsted Ave,Homewood,60430
1652 N Milwaukee Av,Chicago,60647
5 S La Grange Rd,La Grange,60525
120 W 87Th St,Chicago,60620
1531 E 53Rd St,Chicago,60615
747 W 31St St,Chicago,60616
9560 S Western Ave,Evergreen Park,60805
2601A W 95Th St,Evergreen Park,60805
7854 S Cicero Ave,Burbank,60459
1004 S Canal St,Chicago,60607
9621 S Cicero,Oak Lawn,60453
209 S Lasalle St,Chicago,60604
36 S State St,Chicago,60603
500 W Madison St,Chicago,60661
1300 W. Madison St,Chicago,60607
301 W Washington St,Chicago,60606
222 Merchandise Mart Plz,Chicago,60654
840 N Michigan Ave,Chicago,60611
290 Chicago Ridge Mall Space C18,Chicago Ridge,60415
1237 N Milwaukee Ave,Chicago,60622
810 W North Ave,Chicago,60622
1652 N Milwaukee Av,Chicago,60647
7160 Cermak Rd,Berwyn,60402
13348 Cicero Ave,Crestwood,60418
2707 N Elston Ave,Chicago,60647
3019 N Clark St,Chicago,60657
7261 Lake St,River Forest,60305
9402 Joliet Rd,Hodgkins,60525
1237 N Milwaukee Ave,Chicago,60622
1652 N Milwaukee Av,Chicago,60647
810 W North Ave,Chicago,60622
1300 W. Madison St,Chicago,60607
222 Merchandise Mart Plz,Chicago,60654
500 W Madison St,Chicago,60661
301 W Washington St,Chicago,60606
2707 N Elston Ave,Chicago,60647
840 N Michigan Ave,Chicago,60611
209 S Lasalle St,Chicago,60604
36 S State St,Chicago,60603
1004 S Canal St,Chicago,60607
3019 N Clark St,Chicago,60657
1654 W. Roscoe Street,Chicago,60657
3621 N Western Ave,Chicago,60618
3701 N. Halsted Street,Chicago,60613
747 W 31St St,Chicago,60616
4752 N. Lincoln Ave.,Chicago,60625
4183 W Irving Park Road,Chicago,60641
5314 N Clark St,Chicago,60640
4000 N Cicero Ave,Chicago,60641
6451 W Diversey Ave,Chicago,60707
6355 N Broadway St,Chicago,60660
7261 Lake St,River Forest,60305
5212 N Milwaukee Ave,Chicago,60630
1300 W. Madison St,Chicago,60607
747 W 31St St,Chicago,60616
1004 S Canal St,Chicago,60607
7160 Cermak Rd,Berwyn,60402
1237 N Milwaukee Ave,Chicago,60622
500 W Madison St,Chicago,60661
1652 N Milwaukee Av,Chicago,60647
301 W Washington St,Chicago,60606
209 S Lasalle St,Chicago,60604
222 Merchandise Mart Plz,Chicago,60654
36 S State St,Chicago,60603
7261 Lake St,River Forest,60305
810 W North Ave,Chicago,60622
2707 N Elston Ave,Chicago,60647
840 N Michigan Ave,Chicago,60611
6451 W Diversey Ave,Chicago,60707
3621 N Western Ave,Chicago,60618
1654 W. Roscoe Street,Chicago,60657
3019 N Clark St,Chicago,60657
7854 S Cicero Ave,Burbank,60459
4183 W Irving Park Road,Chicago,60641
4000 N Cicero Ave,Chicago,60641
1531 E 53Rd St,Chicago,60615
3701 N. Halsted Street,Chicago,60613
1525 W North Ave,Melrose Park,60160
1652 N Milwaukee Av,Chicago,60647
1300 W. Madison St,Chicago,60607
1237 N Milwaukee Ave,Chicago,60622
2707 N Elston Ave,Chicago,60647
500 W Madison St,Chicago,60661
1004 S Canal St,Chicago,60607
810 W North Ave,Chicago,60622
7261 Lake St,River Forest,60305
301 W Washington St,Chicago,60606
222 Merchandise Mart Plz,Chicago,60654
7160 Cermak Rd,Berwyn,60402
209 S Lasalle St,Chicago,60604
36 S State St,Chicago,60603
747 W 31St St,Chicago,60616
6451 W Diversey Ave,Chicago,60707
3621 N Western Ave,Chicago,60618
4183 W Irving Park Road,Chicago,60641
1654 W. Roscoe Street,Chicago,60657
840 N Michigan Ave,Chicago,60611
4000 N Cicero Ave,Chicago,60641
3019 N Clark St,Chicago,60657
3701 N. Halsted Street,Chicago,60613
4752 N. Lincoln Ave.,Chicago,60625
4265 N Harlem Ave,Norridge,60706
5212 N Milwaukee Ave,Chicago,60630
4752 N. Lincoln Ave.,Chicago,60625
5314 N Clark St,Chicago,60640
3621 N Western Ave,Chicago,60618
4183 W Irving Park Road,Chicago,60641
1654 W. Roscoe Street,Chicago,60657
4000 N Cicero Ave,Chicago,60641
3325 W Touhy Ave,Lincolnwood,60712
6355 N Broadway St,Chicago,60660
2707 N Elston Ave,Chicago,60647
3701 N. Halsted Street,Chicago,60613
5212 N Milwaukee Ave,Chicago,60630
3019 N Clark St,Chicago,60657
1652 N Milwaukee Av,Chicago,60647
5700 W Touhy Ave,Niles,60714
1237 N Milwaukee Ave,Chicago,60622
810 W North Ave,Chicago,60622
6451 W Diversey Ave,Chicago,60707
1706 Maple Ave,Evanston,60201
4265 N Harlem Ave,Norridge,60706
6340 N Northwest Hwy,Chicago,60631
9328 Skokie Blvd,Skokie,60077
2516 Green Bay Rd,Evanston,60201
840 N Michigan Ave,Chicago,60611
1300 W. Madison St,Chicago,60607
222 Merchandise Mart Plz,Chicago,60654
6355 N Broadway St,Chicago,60660
5314 N Clark St,Chicago,60640
3325 W Touhy Ave,Lincolnwood,60712
1706 Maple Ave,Evanston,60201
4752 N. Lincoln Ave.,Chicago,60625
2516 Green Bay Rd,Evanston,60201
3701 N. Halsted Street,Chicago,60613
3621 N Western Ave,Chicago,60618
1654 W. Roscoe Street,Chicago,60657
9328 Skokie Blvd,Skokie,60077
4183 W Irving Park Road,Chicago,60641
3019 N Clark St,Chicago,60657
5700 W Touhy Ave,Niles,60714
2707 N Elston Ave,Chicago,60647
5212 N Milwaukee Ave,Chicago,60630
4000 N Cicero Ave,Chicago,60641
1652 N Milwaukee Av,Chicago,60647
810 W North Ave,Chicago,60622
6340 N Northwest Hwy,Chicago,60631
7130 Dempster St,Morton Grove,60053
1237 N Milwaukee Ave,Chicago,60622
4265 N Harlem Ave,Norridge,60706
840 N Michigan Ave,Chicago,60611
6451 W Diversey Ave,Chicago,60707
136 N Northwest Highway,Park Ridge,60068
120 W 87Th St,Chicago,60620
9560 S Western Ave,Evergreen Park,60805
2601A W 95Th St,Evergreen Park,60805
9621 S Cicero,Oak Lawn,60453
13348 Cicero Ave,Crestwood,60418
7854 S Cicero Ave,Burbank,60459
1245 Torrence Ave,Calumet City,60409
1531 E 53Rd St,Chicago,60615
290 Chicago Ridge Mall Space C18,Chicago Ridge,60415
17575 Halsted Ave,Homewood,60430
747 W 31St St,Chicago,60616
822 Ridge Rd.,Munster,46321
1004 S Canal St,Chicago,60607
209 S Lasalle St,Chicago,60604
36 S State St,Chicago,60603
7101 183Rd St,Tinley Park,60477
500 W Madison St,Chicago,60661
301 W Washington St,Chicago,60606
1300 W. Madison St,Chicago,60607
9264 W 159Th St,Orland Park,60462
222 Merchandise Mart Plz,Chicago,60654
9402 Joliet Rd,Hodgkins,60525
840 N Michigan Ave,Chicago,60611
2510 Burr St,Gary,46406
7160 Cermak Rd,Berwyn,60402
7854 S Cicero Ave,Burbank,60459
2601A W 95Th St,Evergreen Park,60805
9560 S Western Ave,Evergreen Park,60805
9621 S Cicero,Oak Lawn,60453
120 W 87Th St,Chicago,60620
747 W 31St St,Chicago,60616
290 Chicago Ridge Mall Space C18,Chicago Ridge,60415
1531 E 53Rd St,Chicago,60615
7160 Cermak Rd,Berwyn,60402
1004 S Canal St,Chicago,60607
1300 W. Madison St,Chicago,60607
9402 Joliet Rd,Hodgkins,60525
500 W Madison St,Chicago,60661
209 S Lasalle St,Chicago,60604
301 W Washington St,Chicago,60606
36 S State St,Chicago,60603
5 S La Grange Rd,La Grange,60525
222 Merchandise Mart Plz,Chicago,60654
13348 Cicero Ave,Crestwood,60418
1237 N Milwaukee Ave,Chicago,60622
7261 Lake St,River Forest,60305
1652 N Milwaukee Av,Chicago,60647
840 N Michigan Ave,Chicago,60611
810 W North Ave,Chicago,60622
2707 N Elston Ave,Chicago,60647
5212 N Milwaukee Ave,Chicago,60630
4000 N Cicero Ave,Chicago,60641
4183 W Irving Park Road,Chicago,60641
4265 N Harlem Ave,Norridge,60706
5700 W Touhy Ave,Niles,60714
6340 N Northwest Hwy,Chicago,60631
6451 W Diversey Ave,Chicago,60707
4752 N. Lincoln Ave.,Chicago,60625
3325 W Touhy Ave,Lincolnwood,60712
3621 N Western Ave,Chicago,60618
5314 N Clark St,Chicago,60640
2707 N Elston Ave,Chicago,60647
136 N Northwest Highway,Park Ridge,60068
1654 W. Roscoe Street,Chicago,60657
7130 Dempster St,Morton Grove,60053
6355 N Broadway St,Chicago,60660
9328 Skokie Blvd,Skokie,60077
1652 N Milwaukee Av,Chicago,60647
3701 N. Halsted Street,Chicago,60613
3019 N Clark St,Chicago,60657
7261 Lake St,River Forest,60305
1525 W North Ave,Melrose Park,60160
1237 N Milwaukee Ave,Chicago,60622
1706 Maple Ave,Evanston,60201
810 W North Ave,Chicago,60622
6340 N Northwest Hwy,Chicago,60631
136 N Northwest Highway,Park Ridge,60068
5700 W Touhy Ave,Niles,60714
4265 N Harlem Ave,Norridge,60706
5212 N Milwaukee Ave,Chicago,60630
7130 Dempster St,Morton Grove,60053
9635 N Milwaukee Ave,Niles,60714
4000 N Cicero Ave,Chicago,60641
1223 E Oakton Street,Des Plaines,60018
6451 W Diversey Ave,Chicago,60707
9328 Skokie Blvd,Skokie,60077
4183 W Irving Park Road,Chicago,60641
3325 W Touhy Ave,Lincolnwood,60712
1825 Tower Road,Glenview,60026
1525 W North Ave,Melrose Park,60160
4752 N. Lincoln Ave.,Chicago,60625
3621 N Western Ave,Chicago,60618
460 W Irving Park Rd,Bensenville,60106
1706 Maple Ave,Evanston,60201
2516 Green Bay Rd,Evanston,60201
5314 N Clark St,Chicago,60640
7261 Lake St,River Forest,60305
905 E Rand Rd,Mount Prospect,60056
6355 N Broadway St,Chicago,60660
2707 N Elston Ave,Chicago,60647
747 W 31St St,Chicago,60616
7854 S Cicero Ave,Burbank,60459
1004 S Canal St,Chicago,60607
7160 Cermak Rd,Berwyn,60402
1300 W. Madison St,Chicago,60607
500 W Madison St,Chicago,60661
2601A W 95Th St,Evergreen Park,60805
209 S Lasalle St,Chicago,60604
1531 E 53Rd St,Chicago,60615
301 W Washington St,Chicago,60606
9560 S Western Ave,Evergreen Park,60805
36 S State St,Chicago,60603
9621 S Cicero,Oak Lawn,60453
120 W 87Th St,Chicago,60620
222 Merchandise Mart Plz,Chicago,60654
1237 N Milwaukee Ave,Chicago,60622
1652 N Milwaukee Av,Chicago,60647
290 Chicago Ridge Mall Space C18,Chicago Ridge,60415
7261 Lake St,River Forest,60305
840 N Michigan Ave,Chicago,60611
810 W North Ave,Chicago,60622
9402 Joliet Rd,Hodgkins,60525
5 S La Grange Rd,La Grange,60525
2707 N Elston Ave,Chicago,60647
6451 W Diversey Ave,Chicago,60707
1245 Torrence Ave,Calumet City,60409
120 W 87Th St,Chicago,60620
822 Ridge Rd.,Munster,46321
17575 Halsted Ave,Homewood,60430
9560 S Western Ave,Evergreen Park,60805
2601A W 95Th St,Evergreen Park,60805
13348 Cicero Ave,Crestwood,60418
2510 Burr St,Gary,46406
1531 E 53Rd St,Chicago,60615
69 Us Highway 41,Schererville,46375
9621 S Cicero,Oak Lawn,60453
7854 S Cicero Ave,Burbank,60459
3001 Grant St,Gary,46408
1577 Us Highway 41,Schererville,46375
290 Chicago Ridge Mall Space C18,Chicago Ridge,60415
747 W 31St St,Chicago,60616
4811 211Th St,Matteson,60443
7101 183Rd St,Tinley Park,60477
1004 S Canal St,Chicago,60607
9264 W 159Th St,Orland Park,60462
9939 Wicker Ave.,Saint John,46373
209 S Lasalle St,Chicago,60604
36 S State St,Chicago,60603
500 W Madison St,Chicago,60661
301 W Washington St,Chicago,60606
6451 W Diversey Ave,Chicago,60707
4265 N Harlem Ave,Norridge,60706
5212 N Milwaukee Ave,Chicago,60630
4000 N Cicero Ave,Chicago,60641
4183 W Irving Park Road,Chicago,60641
6340 N Northwest Hwy,Chicago,60631
1525 W North Ave,Melrose Park,60160
7261 Lake St,River Forest,60305
5700 W Touhy Ave,Niles,60714
136 N Northwest Highway,Park Ridge,60068
3621 N Western Ave,Chicago,60618
2707 N Elston Ave,Chicago,60647
4752 N. Lincoln Ave.,Chicago,60625
75 W North Ave,Northlake,60164
3325 W Touhy Ave,Lincolnwood,60712
1652 N Milwaukee Av,Chicago,60647
1654 W. Roscoe Street,Chicago,60657
7160 Cermak Rd,Berwyn,60402
7130 Dempster St,Morton Grove,60053
5314 N Clark St,Chicago,60640
1237 N Milwaukee Ave,Chicago,60622
1223 E Oakton Street,Des Plaines,60018
3701 N. Halsted Street,Chicago,60613
3019 N Clark St,Chicago,60657
9328 Skokie Blvd,Skokie,60077
120 W 87Th St,Chicago,60620
2601A W 95Th St,Evergreen Park,60805
9560 S Western Ave,Evergreen Park,60805
7854 S Cicero Ave,Burbank,60459
747 W 31St St,Chicago,60616
1531 E 53Rd St,Chicago,60615
9621 S Cicero,Oak Lawn,60453
1004 S Canal St,Chicago,60607
290 Chicago Ridge Mall Space C18,Chicago Ridge,60415
1300 W. Madison St,Chicago,60607
209 S Lasalle St,Chicago,60604
500 W Madison St,Chicago,60661
36 S State St,Chicago,60603
301 W Washington St,Chicago,60606
222 Merchandise Mart Plz,Chicago,60654
7160 Cermak Rd,Berwyn,60402
840 N Michigan Ave,Chicago,60611
1237 N Milwaukee Ave,Chicago,60622
1652 N Milwaukee Av,Chicago,60647
810 W North Ave,Chicago,60622
13348 Cicero Ave,Crestwood,60418
9402 Joliet Rd,Hodgkins,60525
7261 Lake St,River Forest,60305
2707 N Elston Ave,Chicago,60647
5 S La Grange Rd,La Grange,60525
1531 E 53Rd St,Chicago,60615
120 W 87Th St,Chicago,60620
747 W 31St St,Chicago,60616
9560 S Western Ave,Evergreen Park,60805
2601A W 95Th St,Evergreen Park,60805
1004 S Canal St,Chicago,60607
209 S Lasalle St,Chicago,60604
36 S State St,Chicago,60603
500 W Madison St,Chicago,60661
301 W Washington St,Chicago,60606
7854 S Cicero Ave,Burbank,60459
1300 W. Madison St,Chicago,60607
222 Merchandise Mart Plz,Chicago,60654
9621 S Cicero,Oak Lawn,60453
840 N Michigan Ave,Chicago,60611
1237 N Milwaukee Ave,Chicago,60622
810 W North Ave,Chicago,60622
1652 N Milwaukee Av,Chicago,60647
290 Chicago Ridge Mall Space C18,Chicago Ridge,60415
3019 N Clark St,Chicago,60657
2707 N Elston Ave,Chicago,60647
7160 Cermak Rd,Berwyn,60402
13348 Cicero Ave,Crestwood,60418
1654 W. Roscoe Street,Chicago,60657
3701 N. Halsted Street,Chicago,60613
7854 S Cicero Ave,Burbank,60459
7160 Cermak Rd,Berwyn,60402
9402 Joliet Rd,Hodgkins,60525
290 Chicago Ridge Mall Space C18,Chicago Ridge,60415
9621 S Cicero,Oak Lawn,60453
5 S La Grange Rd,La Grange,60525
2601A W 95Th St,Evergreen Park,60805
9560 S Western Ave,Evergreen Park,60805
7261 Lake St,River Forest,60305
747 W 31St St,Chicago,60616
26 E First St,Hinsdale,60521
120 W 87Th St,Chicago,60620
1300 W. Madison St,Chicago,60607
1004 S Canal St,Chicago,60607
7450 Kingery Hwy,Willowbrook,60527
1525 W North Ave,Melrose Park,60160
500 W Madison St,Chicago,60661
1531 E 53Rd St,Chicago,60615
209 S Lasalle St,Chicago,60604
301 W Washington St,Chicago,60606
1237 N Milwaukee Ave,Chicago,60622
13348 Cicero Ave,Crestwood,60418
1652 N Milwaukee Av,Chicago,60647
36 S State St,Chicago,60603
6451 W Diversey Ave,Chicago,60707
6451 W Diversey Ave,Chicago,60707
4000 N Cicero Ave,Chicago,60641
4183 W Irving Park Road,Chicago,60641
7261 Lake St,River Forest,60305
2707 N Elston Ave,Chicago,60647
4265 N Harlem Ave,Norridge,60706
5212 N Milwaukee Ave,Chicago,60630
3621 N Western Ave,Chicago,60618
1652 N Milwaukee Av,Chicago,60647
1654 W. Roscoe Street,Chicago,60657
1237 N Milwaukee Ave,Chicago,60622
4752 N. Lincoln Ave.,Chicago,60625
1525 W North Ave,Melrose Park,60160
810 W North Ave,Chicago,60622
7160 Cermak Rd,Berwyn,60402
3019 N Clark St,Chicago,60657
1300 W. Madison St,Chicago,60607
3701 N. Halsted Street,Chicago,60613
6340 N Northwest Hwy,Chicago,60631
5314 N Clark St,Chicago,60640
5700 W Touhy Ave,Niles,60714
500 W Madison St,Chicago,60661
222 Merchandise Mart Plz,Chicago,60654
3325 W Touhy Ave,Lincolnwood,60712
301 W Washington St,Chicago,60606
5314 N Clark St,Chicago,60640
4752 N. Lincoln Ave.,Chicago,60625
6355 N Broadway St,Chicago,60660
3701 N. Halsted Street,Chicago,60613
1654 W. Roscoe Street,Chicago,60657
3621 N Western Ave,Chicago,60618
3019 N Clark St,Chicago,60657
2707 N Elston Ave,Chicago,60647
3325 W Touhy Ave,Lincolnwood,60712
4183 W Irving Park Road,Chicago,60641
1652 N Milwaukee Av,Chicago,60647
810 W North Ave,Chicago,60622
4000 N Cicero Ave,Chicago,60641
1237 N Milwaukee Ave,Chicago,60622
5212 N Milwaukee Ave,Chicago,60630
1706 Maple Ave,Evanston,60201
840 N Michigan Ave,Chicago,60611
5700 W Touhy Ave,Niles,60714
222 Merchandise Mart Plz,Chicago,60654
1300 W. Madison St,Chicago,60607
2516 Green Bay Rd,Evanston,60201
301 W Washington St,Chicago,60606
500 W Madison St,Chicago,60661
36 S State St,Chicago,60603
209 S Lasalle St,Chicago,60604
4000 N Cicero Ave,Chicago,60641
4183 W Irving Park Road,Chicago,60641
5212 N Milwaukee Ave,Chicago,60630
6451 W Diversey Ave,Chicago,60707
3621 N Western Ave,Chicago,60618
4265 N Harlem Ave,Norridge,60706
2707 N Elston Ave,Chicago,60647
4752 N. Lincoln Ave.,Chicago,60625
1654 W. Roscoe Street,Chicago,60657
1652 N Milwaukee Av,Chicago,60647
5314 N Clark St,Chicago,60640
6340 N Northwest Hwy,Chicago,60631
5700 W Touhy Ave,Niles,60714
3325 W Touhy Ave,Lincolnwood,60712
1237 N Milwaukee Ave,Chicago,60622
3701 N. Halsted Street,Chicago,60613
3019 N Clark St,Chicago,60657
7261 Lake St,River Forest,60305
810 W North Ave,Chicago,60622
6355 N Broadway St,Chicago,60660
1525 W North Ave,Melrose Park,60160
1300 W. Madison St,Chicago,60607
136 N Northwest Highway,Park Ridge,60068
222 Merchandise Mart Plz,Chicago,60654
500 W Madison St,Chicago,60661
9560 S Western Ave,Evergreen Park,60805
2601A W 95Th St,Evergreen Park,60805
120 W 87Th St,Chicago,60620
9621 S Cicero,Oak Lawn,60453
13348 Cicero Ave,Crestwood,60418
7854 S Cicero Ave,Burbank,60459
290 Chicago Ridge Mall Space C18,Chicago Ridge,60415
1531 E 53Rd St,Chicago,60615
1245 Torrence Ave,Calumet City,60409
17575 Halsted Ave,Homewood,60430
747 W 31St St,Chicago,60616
9264 W 159Th St,Orland Park,60462
7101 183Rd St,Tinley Park,60477
9402 Joliet Rd,Hodgkins,60525
1004 S Canal St,Chicago,60607
822 Ridge Rd.,Munster,46321
209 S Lasalle St,Chicago,60604
1300 W. Madison St,Chicago,60607
36 S State St,Chicago,60603
500 W Madison St,Chicago,60661
301 W Washington St,Chicago,60606
7160 Cermak Rd,Berwyn,60402
222 Merchandise Mart Plz,Chicago,60654
5 S La Grange Rd,La Grange,60525
4811 211Th St,Matteson,60443
7261 Lake St,River Forest,60305
7160 Cermak Rd,Berwyn,60402
6451 W Diversey Ave,Chicago,60707
1652 N Milwaukee Av,Chicago,60647
1237 N Milwaukee Ave,Chicago,60622
1300 W. Madison St,Chicago,60607
4000 N Cicero Ave,Chicago,60641
2707 N Elston Ave,Chicago,60647
4183 W Irving Park Road,Chicago,60641
1525 W North Ave,Melrose Park,60160
3621 N Western Ave,Chicago,60618
4265 N Harlem Ave,Norridge,60706
810 W North Ave,Chicago,60622
500 W Madison St,Chicago,60661
1004 S Canal St,Chicago,60607
1654 W. Roscoe Street,Chicago,60657
301 W Washington St,Chicago,60606
222 Merchandise Mart Plz,Chicago,60654
209 S Lasalle St,Chicago,60604
747 W 31St St,Chicago,60616
5212 N Milwaukee Ave,Chicago,60630
36 S State St,Chicago,60603
3019 N Clark St,Chicago,60657
840 N Michigan Ave,Chicago,60611
4752 N. Lincoln Ave.,Chicago,60625
3325 W Touhy Ave,Lincolnwood,60712
6355 N Broadway St,Chicago,60660
5314 N Clark St,Chicago,60640
1706 Maple Ave,Evanston,60201
4752 N. Lincoln Ave.,Chicago,60625
2516 Green Bay Rd,Evanston,60201
5700 W Touhy Ave,Niles,60714
9328 Skokie Blvd,Skokie,60077
4183 W Irving Park Road,Chicago,60641
3621 N Western Ave,Chicago,60618
5212 N Milwaukee Ave,Chicago,60630
4000 N Cicero Ave,Chicago,60641
1654 W. Roscoe Street,Chicago,60657
3701 N. Halsted Street,Chicago,60613
2707 N Elston Ave,Chicago,60647
3019 N Clark St,Chicago,60657
6340 N Northwest Hwy,Chicago,60631
7130 Dempster St,Morton Grove,60053
4265 N Harlem Ave,Norridge,60706
1652 N Milwaukee Av,Chicago,60647
136 N Northwest Highway,Park Ridge,60068
6451 W Diversey Ave,Chicago,60707
810 W North Ave,Chicago,60622
1237 N Milwaukee Ave,Chicago,60622
9635 N Milwaukee Ave,Niles,60714
5700 W Touhy Ave,Niles,60714
5212 N Milwaukee Ave,Chicago,60630
6340 N Northwest Hwy,Chicago,60631
3325 W Touhy Ave,Lincolnwood,60712
4000 N Cicero Ave,Chicago,60641
4183 W Irving Park Road,Chicago,60641
4265 N Harlem Ave,Norridge,60706
9328 Skokie Blvd,Skokie,60077
7130 Dempster St,Morton Grove,60053
136 N Northwest Highway,Park Ridge,60068
4752 N. Lincoln Ave.,Chicago,60625
6451 W Diversey Ave,Chicago,60707
5314 N Clark St,Chicago,60640
3621 N Western Ave,Chicago,60618
6355 N Broadway St,Chicago,60660
1706 Maple Ave,Evanston,60201
2516 Green Bay Rd,Evanston,60201
9635 N Milwaukee Ave,Niles,60714
1654 W. Roscoe Street,Chicago,60657
2707 N Elston Ave,Chicago,60647
3701 N. Halsted Street,Chicago,60613
3019 N Clark St,Chicago,60657
1223 E Oakton Street,Des Plaines,60018
1652 N Milwaukee Av,Chicago,60647
1825 Tower Road,Glenview,60026
2707 N Elston Ave,Chicago,60647
1652 N Milwaukee Av,Chicago,60647
3621 N Western Ave,Chicago,60618
1237 N Milwaukee Ave,Chicago,60622
1654 W. Roscoe Street,Chicago,60657
4183 W Irving Park Road,Chicago,60641
810 W North Ave,Chicago,60622
3019 N Clark St,Chicago,60657
4000 N Cicero Ave,Chicago,60641
3701 N. Halsted Street,Chicago,60613
4752 N. Lincoln Ave.,Chicago,60625
1300 W. Madison St,Chicago,60607
222 Merchandise Mart Plz,Chicago,60654
500 W Madison St,Chicago,60661
840 N Michigan Ave,Chicago,60611
301 W Washington St,Chicago,60606
5314 N Clark St,Chicago,60640
6451 W Diversey Ave,Chicago,60707
209 S Lasalle St,Chicago,60604
36 S State St,Chicago,60603
1004 S Canal St,Chicago,60607
5212 N Milwaukee Ave,Chicago,60630
6355 N Broadway St,Chicago,60660
7261 Lake St,River Forest,60305
4265 N Harlem Ave,Norridge,60706
1531 E 53Rd St,Chicago,60615
120 W 87Th St,Chicago,60620
9560 S Western Ave,Evergreen Park,60805
747 W 31St St,Chicago,60616
2601A W 95Th St,Evergreen Park,60805
1004 S Canal St,Chicago,60607
209 S Lasalle St,Chicago,60604
36 S State St,Chicago,60603
7854 S Cicero Ave,Burbank,60459
301 W Washington St,Chicago,60606
500 W Madison St,Chicago,60661
9621 S Cicero,Oak Lawn,60453
222 Merchandise Mart Plz,Chicago,60654
1300 W. Madison St,Chicago,60607
840 N Michigan Ave,Chicago,60611
1237 N Milwaukee Ave,Chicago,60622
810 W North Ave,Chicago,60622
1245 Torrence Ave,Calumet City,60409
290 Chicago Ridge Mall Space C18,Chicago Ridge,60415
13348 Cicero Ave,Crestwood,60418
1652 N Milwaukee Av,Chicago,60647
3019 N Clark St,Chicago,60657
2707 N Elston Ave,Chicago,60647
7160 Cermak Rd,Berwyn,60402
1654 W. Roscoe Street,Chicago,60657
6451 W Diversey Ave,Chicago,60707
1652 N Milwaukee Av,Chicago,60647
2707 N Elston Ave,Chicago,60647
7261 Lake St,River Forest,60305
4000 N Cicero Ave,Chicago,60641
4183 W Irving Park Road,Chicago,60641
1237 N Milwaukee Ave,Chicago,60622
3621 N Western Ave,Chicago,60618
1300 W. Madison St,Chicago,60607
1654 W. Roscoe Street,Chicago,60657
7160 Cermak Rd,Berwyn,60402
810 W North Ave,Chicago,60622
4265 N Harlem Ave,Norridge,60706
5212 N Milwaukee Ave,Chicago,60630
4752 N. Lincoln Ave.,Chicago,60625
500 W Madison St,Chicago,60661
3019 N Clark St,Chicago,60657
222 Merchandise Mart Plz,Chicago,60654
301 W Washington St,Chicago,60606
1004 S Canal St,Chicago,60607
3701 N. Halsted Street,Chicago,60613
1525 W North Ave,Melrose Park,60160
209 S Lasalle St,Chicago,60604
36 S State St,Chicago,60603
840 N Michigan Ave,Chicago,60611
7854 S Cicero Ave,Burbank,60459
2601A W 95Th St,Evergreen Park,60805
9560 S Western Ave,Evergreen Park,60805
9621 S Cicero,Oak Lawn,60453
290 Chicago Ridge Mall Space C18,Chicago Ridge,60415
120 W 87Th St,Chicago,60620
13348 Cicero Ave,Crestwood,60418
747 W 31St St,Chicago,60616
1531 E 53Rd St,Chicago,60615
9402 Joliet Rd,Hodgkins,60525
7160 Cermak Rd,Berwyn,60402
1004 S Canal St,Chicago,60607
5 S La Grange Rd,La Grange,60525
1300 W. Madison St,Chicago,60607
209 S Lasalle St,Chicago,60604
500 W Madison St,Chicago,60661
301 W Washington St,Chicago,60606
36 S State St,Chicago,60603
222 Merchandise Mart Plz,Chicago,60654
7261 Lake St,River Forest,60305
1237 N Milwaukee Ave,Chicago,60622
840 N Michigan Ave,Chicago,60611
1652 N Milwaukee Av,Chicago,60647
26 E First St,Hinsdale,60521
810 W North Ave,Chicago,60622
1531 E 53Rd St,Chicago,60615
747 W 31St St,Chicago,60616
1004 S Canal St,Chicago,60607
209 S Lasalle St,Chicago,60604
36 S State St,Chicago,60603
500 W Madison St,Chicago,60661
301 W Washington St,Chicago,60606
222 Merchandise Mart Plz,Chicago,60654
1300 W. Madison St,Chicago,60607
840 N Michigan Ave,Chicago,60611
120 W 87Th St,Chicago,60620
1237 N Milwaukee Ave,Chicago,60622
810 W North Ave,Chicago,60622
1652 N Milwaukee Av,Chicago,60647
9560 S Western Ave,Evergreen Park,60805
2601A W 95Th St,Evergreen Park,60805
7854 S Cicero Ave,Burbank,60459
3019 N Clark St,Chicago,60657
2707 N Elston Ave,Chicago,60647
1654 W. Roscoe Street,Chicago,60657
3701 N. Halsted Street,Chicago,60613
3621 N Western Ave,Chicago,60618
9621 S Cicero,Oak Lawn,60453
7160 Cermak Rd,Berwyn,60402
4752 N. Lincoln Ave.,Chicago,60625
222 Merchandise Mart Plz,Chicago,60654
301 W Washington St,Chicago,60606
500 W Madison St,Chicago,60661
36 S State St,Chicago,60603
209 S Lasalle St,Chicago,60604
840 N Michigan Ave,Chicago,60611
1300 W. Madison St,Chicago,60607
1004 S Canal St,Chicago,60607
810 W North Ave,Chicago,60622
1237 N Milwaukee Ave,Chicago,60622
1652 N Milwaukee Av,Chicago,60647
3019 N Clark St,Chicago,60657
747 W 31St St,Chicago,60616
2707 N Elston Ave,Chicago,60647
1654 W. Roscoe Street,Chicago,60657
3701 N. Halsted Street,Chicago,60613
3621 N Western Ave,Chicago,60618
4752 N. Lincoln Ave.,Chicago,60625
5314 N Clark St,Chicago,60640
1531 E 53Rd St,Chicago,60615
4183 W Irving Park Road,Chicago,60641
4000 N Cicero Ave,Chicago,60641
6355 N Broadway St,Chicago,60660
6451 W Diversey Ave,Chicago,60707
7261 Lake St,River Forest,60305
2601A W 95Th St,Evergreen Park,60805
9560 S Western Ave,Evergreen Park,60805
9621 S Cicero,Oak Lawn,60453
13348 Cicero Ave,Crestwood,60418
7854 S Cicero Ave,Burbank,60459
120 W 87Th St,Chicago,60620
290 Chicago Ridge Mall Space C18,Chicago Ridge,60415
1531 E 53Rd St,Chicago,60615
17575 Halsted Ave,Homewood,60430
1245 Torrence Ave,Calumet City,60409
9264 W 159Th St,Orland Park,60462
747 W 31St St,Chicago,60616
9402 Joliet Rd,Hodgkins,60525
7101 183Rd St,Tinley Park,60477
7160 Cermak Rd,Berwyn,60402
5 S La Grange Rd,La Grange,60525
1004 S Canal St,Chicago,60607
14124 South Bell Road,Homer Glen,60491
1300 W. Madison St,Chicago,60607
209 S Lasalle St,Chicago,60604
500 W Madison St,Chicago,60661
19200 S La Grange Rd,Mokena,60448
36 S State St,Chicago,60603
4811 211Th St,Matteson,60443
7450 Kingery Hwy,Willowbrook,60527
4265 N Harlem Ave,Norridge,60706
6340 N Northwest Hwy,Chicago,60631
5212 N Milwaukee Ave,Chicago,60630
136 N Northwest Highway,Park Ridge,60068
6451 W Diversey Ave,Chicago,60707
5700 W Touhy Ave,Niles,60714
4000 N Cicero Ave,Chicago,60641
4183 W Irving Park Road,Chicago,60641
7130 Dempster St,Morton Grove,60053
1525 W North Ave,Melrose Park,60160
1223 E Oakton Street,Des Plaines,60018
9635 N Milwaukee Ave,Niles,60714
3325 W Touhy Ave,Lincolnwood,60712
7261 Lake St,River Forest,60305
9328 Skokie Blvd,Skokie,60077
4752 N. Lincoln Ave.,Chicago,60625
75 W North Ave,Northlake,60164
460 W Irving Park Rd,Bensenville,60106
3621 N Western Ave,Chicago,60618
2707 N Elston Ave,Chicago,60647
5314 N Clark St,Chicago,60640
1654 W. Roscoe Street,Chicago,60657
1825 Tower Road,Glenview,60026
6355 N Broadway St,Chicago,60660
1652 N Milwaukee Av,Chicago,60647
3019 N Clark St,Chicago,60657
1654 W. Roscoe Street,Chicago,60657
3701 N. Halsted Street,Chicago,60613
2707 N Elston Ave,Chicago,60647
3621 N Western Ave,Chicago,60618
810 W North Ave,Chicago,60622
1652 N Milwaukee Av,Chicago,60647
4752 N. Lincoln Ave.,Chicago,60625
1237 N Milwaukee Ave,Chicago,60622
5314 N Clark St,Chicago,60640
840 N Michigan Ave,Chicago,60611
222 Merchandise Mart Plz,Chicago,60654
4183 W Irving Park Road,Chicago,60641
6355 N Broadway St,Chicago,60660
1300 W. Madison St,Chicago,60607
301 W Washington St,Chicago,60606
500 W Madison St,Chicago,60661
36 S State St,Chicago,60603
209 S Lasalle St,Chicago,60604
4000 N Cicero Ave,Chicago,60641
1004 S Canal St,Chicago,60607
3325 W Touhy Ave,Lincolnwood,60712
5212 N Milwaukee Ave,Chicago,60630
6451 W Diversey Ave,Chicago,60707
747 W 31St St,Chicago,60616
3325 W Touhy Ave,Lincolnwood,60712
4752 N. Lincoln Ave.,Chicago,60625
5314 N Clark St,Chicago,60640
6355 N Broadway St,Chicago,60660
4183 W Irving Park Road,Chicago,60641
3621 N Western Ave,Chicago,60618
4000 N Cicero Ave,Chicago,60641
5212 N Milwaukee Ave,Chicago,60630
1654 W. Roscoe Street,Chicago,60657
5700 W Touhy Ave,Niles,60714
3701 N. Halsted Street,Chicago,60613
1706 Maple Ave,Evanston,60201
2707 N Elston Ave,Chicago,60647
9328 Skokie Blvd,Skokie,60077
3019 N Clark St,Chicago,60657
2516 Green Bay Rd,Evanston,60201
6340 N Northwest Hwy,Chicago,60631
1652 N Milwaukee Av,Chicago,60647
4265 N Harlem Ave,Norridge,60706
6451 W Diversey Ave,Chicago,60707
7130 Dempster St,Morton Grove,60053
810 W North Ave,Chicago,60622
1237 N Milwaukee Ave,Chicago,60622
136 N Northwest Highway,Park Ridge,60068
840 N Michigan Ave,Chicago,60611
6355 N Broadway St,Chicago,60660
5314 N Clark St,Chicago,60640
4752 N. Lincoln Ave.,Chicago,60625
3325 W Touhy Ave,Lincolnwood,60712
3701 N. Halsted Street,Chicago,60613
3621 N Western Ave,Chicago,60618
1654 W. Roscoe Street,Chicago,60657
3019 N Clark St,Chicago,60657
1706 Maple Ave,Evanston,60201
4183 W Irving Park Road,Chicago,60641
2707 N Elston Ave,Chicago,60647
4000 N Cicero Ave,Chicago,60641
2516 Green Bay Rd,Evanston,60201
5212 N Milwaukee Ave,Chicago,60630
1652 N Milwaukee Av,Chicago,60647
810 W North Ave,Chicago,60622
5700 W Touhy Ave,Niles,60714
9328 Skokie Blvd,Skokie,60077
1237 N Milwaukee Ave,Chicago,60622
840 N Michigan Ave,Chicago,60611
6340 N Northwest Hwy,Chicago,60631
222 Merchandise Mart Plz,Chicago,60654
6451 W Diversey Ave,Chicago,60707
1300 W. Madison St,Chicago,60607
4265 N Harlem Ave,Norridge,60706
500 W Madison St,Chicago,60661
301 W Washington St,Chicago,60606
222 Merchandise Mart Plz,Chicago,60654
209 S Lasalle St,Chicago,60604
1300 W. Madison St,Chicago,60607
36 S State St,Chicago,60603
1004 S Canal St,Chicago,60607
840 N Michigan Ave,Chicago,60611
1237 N Milwaukee Ave,Chicago,60622
810 W North Ave,Chicago,60622
1652 N Milwaukee Av,Chicago,60647
747 W 31St St,Chicago,60616
3019 N Clark St,Chicago,60657
2707 N Elston Ave,Chicago,60647
1654 W. Roscoe Street,Chicago,60657
3701 N. Halsted Street,Chicago,60613
3621 N Western Ave,Chicago,60618
4752 N. Lincoln Ave.,Chicago,60625
1531 E 53Rd St,Chicago,60615
4183 W Irving Park Road,Chicago,60641
5314 N Clark St,Chicago,60640
4000 N Cicero Ave,Chicago,60641
6355 N Broadway St,Chicago,60660
6451 W Diversey Ave,Chicago,60707
7261 Lake St,River Forest,60305
460 W Irving Park Rd,Bensenville,60106
1223 E Oakton Street,Des Plaines,60018
75 W North Ave,Northlake,60164
136 N Northwest Highway,Park Ridge,60068
4265 N Harlem Ave,Norridge,60706
1525 W North Ave,Melrose Park,60160
6340 N Northwest Hwy,Chicago,60631
6451 W Diversey Ave,Chicago,60707
5212 N Milwaukee Ave,Chicago,60630
560 W St Charles Rd,Elmhurst,60126
170 Biesterfield Rd,Elk Grove Village,60007
9635 N Milwaukee Ave,Niles,60714
7130 Dempster St,Morton Grove,60053
5700 W Touhy Ave,Niles,60714
7261 Lake St,River Forest,60305
905 E Rand Rd,Mount Prospect,60056
1600 W Lake St,Addison,60101
4000 N Cicero Ave,Chicago,60641
1693 W. Algonquin Road,Rolling Meadows,60008
4183 W Irving Park Road,Chicago,60641
920 N Elmhurst Rd,Mount Prospect,60056
1825 Tower Road,Glenview,60026
5 Woodfield Mall,Schaumburg,60173
7160 Cermak Rd,Berwyn,60402
9328 Skokie Blvd,Skokie,60077
6451 W Diversey Ave,Chicago,60707
7261 Lake St,River Forest,60305
4265 N Harlem Ave,Norridge,60706
1525 W North Ave,Melrose Park,60160
4000 N Cicero Ave,Chicago,60641
5212 N Milwaukee Ave,Chicago,60630
4183 W Irving Park Road,Chicago,60641
7160 Cermak Rd,Berwyn,60402
6340 N Northwest Hwy,Chicago,60631
75 W North Ave,Northlake,60164
2707 N Elston Ave,Chicago,60647
136 N Northwest Highway,Park Ridge,60068
3621 N Western Ave,Chicago,60618
5700 W Touhy Ave,Niles,60714
1652 N Milwaukee Av,Chicago,60647
4752 N. Lincoln Ave.,Chicago,60625
1654 W. Roscoe Street,Chicago,60657
1237 N Milwaukee Ave,Chicago,60622
460 W Irving Park Rd,Bensenville,60106
3325 W Touhy Ave,Lincolnwood,60712
5 S La Grange Rd,La Grange,60525
5314 N Clark St,Chicago,60640
1300 W. Madison St,Chicago,60607
560 W St Charles Rd,Elmhurst,60126
7130 Dempster St,Morton Grove,60053
1245 Torrence Ave,Calumet City,60409
9560 S Western Ave,Evergreen Park,60805
13348 Cicero Ave,Crestwood,60418
17575 Halsted Ave,Homewood,60430
2601A W 95Th St,Evergreen Park,60805
120 W 87Th St,Chicago,60620
9621 S Cicero,Oak Lawn,60453
7854 S Cicero Ave,Burbank,60459
822 Ridge Rd.,Munster,46321
290 Chicago Ridge Mall Space C18,Chicago Ridge,60415
7101 183Rd St,Tinley Park,60477
1531 E 53Rd St,Chicago,60615
4811 211Th St,Matteson,60443
9264 W 159Th St,Orland Park,60462
69 Us Highway 41,Schererville,46375
2510 Burr St,Gary,46406
747 W 31St St,Chicago,60616
19200 S La Grange Rd,Mokena,60448
1577 Us Highway 41,Schererville,46375
20930 S Lagrange Rd B,Frankfort,60423
9402 Joliet Rd,Hodgkins,60525
1004 S Canal St,Chicago,60607
14124 South Bell Road,Homer Glen,60491
3001 Grant St,Gary,46408
209 S Lasalle St,Chicago,60604
